timestamp,Open,High,Low,Close,Volume
2024-10-23 00:00:00+00:00,1.0547360181808472,1.0579557418823242,1.0515260696411133,1.051740288734436,0
2024-10-23 01:00:00+00:00,1.0517244338989258,1.0555708408355713,1.0516937971115112,1.0537481307983398,25343
2024-10-23 02:00:00+00:00,1.0537528991699219,1.0541280508041382,1.0496853590011597,1.0496853590011597,20004
2024-10-23 03:00:00+00:00,1.0496909618377686,1.05008864402771,1.0432562828063965,1.048995852470398,23478
2024-10-23 04:00:00+00:00,1.0490190982818604,1.051814317703247,1.048902153968811,1.0507975816726685,101282
2024-10-23 05:00:00+00:00,1.0508570671081543,1.0518866777420044,1.0464730262756348,1.0469025373458862,33966
2024-10-23 06:00:00+00:00,1.046901822090149,1.0532996654510498,1.0464712381362915,1.04865300655365,0
2024-10-23 07:00:00+00:00,1.0485200881958008,1.0495259761810303,1.0396440029144287,1.0396685600280762,120478
2024-10-23 08:00:00+00:00,1.0396368503570557,1.0418391227722168,1.0326334238052368,1.0326334238052368,133267
2024-10-23 09:00:00+00:00,1.032632827758789,1.0382615327835083,1.0319490432739258,1.0377503633499146,71926
2024-10-23 10:00:00+00:00,1.03775155544281,1.03775155544281,1.0316147804260254,1.0331664085388184,334843
2024-10-23 11:00:00+00:00,1.0332742929458618,1.0332742929458618,1.0260578393936157,1.0266274213790894,760544
2024-10-23 12:00:00+00:00,1.0267128944396973,1.0278229713439941,1.0199596881866455,1.0248353481292725,439533
2024-10-23 13:00:00+00:00,1.0247251987457275,1.0289257764816284,1.0237576961517334,1.0289257764816284,0
2024-10-23 14:00:00+00:00,1.028908610343933,1.0298585891723633,1.0226974487304688,1.0227137804031372,0
2024-10-23 15:00:00+00:00,1.0227512121200562,1.0228688716888428,1.0141969919204712,1.0204205513000488,174644
2024-10-23 16:00:00+00:00,1.0203897953033447,1.020807147026062,1.0124890804290771,1.0124890804290771,170294
2024-10-23 17:00:00+00:00,1.0124605894088745,1.0206739902496338,1.01120126247406,1.018383264541626,177626
2024-10-23 18:00:00+00:00,1.0182143449783325,1.0244388580322266,1.0116355419158936,1.0244388580322266,0
2024-10-23 19:00:00+00:00,1.0244566202163696,1.0329980850219727,1.0234572887420654,1.0329980850219727,188812
2024-10-23 20:00:00+00:00,1.032910704612732,1.034080147743225,1.0316307544708252,1.0321859121322632,145740
2024-10-23 21:00:00+00:00,1.032153606414795,1.032153606414795,1.0280383825302124,1.0280383825302124,0
2024-10-23 22:00:00+00:00,1.0280613899230957,1.029411792755127,1.0238182544708252,1.027876853942871,150955
2024-10-23 23:00:00+00:00,1.0278713703155518,1.0332214832305908,1.0278713703155518,1.0328372716903687,0
2024-10-24 00:00:00+00:00,1.0329217910766602,1.0403348207473755,1.0283538103103638,1.0403348207473755,0
2024-10-24 01:00:00+00:00,1.0404179096221924,1.043074369430542,1.0340384244918823,1.0340384244918823,272804
2024-10-24 02:00:00+00:00,1.0337504148483276,1.0395431518554688,1.0336227416992188,1.0395431518554688,63019
2024-10-24 03:00:00+00:00,1.0395017862319946,1.0395017862319946,1.0348052978515625,1.0348052978515625,0
2024-10-24 04:00:00+00:00,1.034805178642273,1.0376782417297363,1.034009575843811,1.0376782417297363,0
2024-10-24 05:00:00+00:00,1.0377315282821655,1.0403093099594116,1.0358248949050903,1.0358285903930664,0
2024-10-24 06:00:00+00:00,1.0358572006225586,1.0386029481887817,1.0339927673339844,1.0339927673339844,10094
2024-10-24 07:00:00+00:00,1.0340126752853394,1.0367839336395264,1.0304436683654785,1.0315784215927124,0
2024-10-24 08:00:00+00:00,1.0315237045288086,1.0334140062332153,1.0238897800445557,1.0238994359970093,0
2024-10-24 09:00:00+00:00,1.0239343643188477,1.0239343643188477,1.0175316333770752,1.0191963911056519,0
2024-10-24 10:00:00+00:00,1.0192067623138428,1.0204522609710693,1.012810468673706,1.0130336284637451,0
2024-10-24 11:00:00+00:00,1.0130279064178467,1.0180065631866455,1.0126845836639404,1.0158754587173462,0
2024-10-24 12:00:00+00:00,1.0160049200057983,1.0252572298049927,1.0150649547576904,1.0252296924591064,0
2024-10-24 13:00:00+00:00,1.0252035856246948,1.0252035856246948,1.0191744565963745,1.0215508937835693,0
2024-10-24 14:00:00+00:00,1.0215269327163696,1.0218498706817627,1.0102697610855103,1.0102863311767578,167631
2024-10-24 15:00:00+00:00,1.0102972984313965,1.0156598091125488,1.0098315477371216,1.0132527351379395,0
2024-10-24 16:00:00+00:00,1.0131425857543945,1.0173670053482056,1.0108729600906372,1.0173522233963013,75592
2024-10-24 17:00:00+00:00,1.0173131227493286,1.0229308605194092,1.0156751871109009,1.0223643779754639,0
2024-10-24 18:00:00+00:00,1.0223729610443115,1.0249457359313965,1.0215697288513184,1.0249457359313965,0
2024-10-24 19:00:00+00:00,1.0249683856964111,1.0268076658248901,1.0226011276245117,1.0265777111053467,0
2024-10-24 20:00:00+00:00,1.0266221761703491,1.029952049255371,1.0255032777786255,1.029376745223999,0
2024-10-24 21:00:00+00:00,1.0293807983398438,1.0419813394546509,1.0293807983398438,1.0419813394546509,835787
2024-10-24 22:00:00+00:00,1.0419642925262451,1.044115662574768,1.0276374816894531,1.0284619331359863,411023
2024-10-24 23:00:00+00:00,1.0284441709518433,1.0285849571228027,1.02651047706604,1.02651047706604,42826
2024-10-25 00:00:00+00:00,1.0265305042266846,1.0305581092834473,1.0265305042266846,1.0273144245147705,0
2024-10-25 01:00:00+00:00,1.0273163318634033,1.0288528203964233,1.0264259576797485,1.0269078016281128,0
2024-10-25 02:00:00+00:00,1.0269588232040405,1.0290632247924805,1.0184308290481567,1.0224742889404297,323907
2024-10-25 03:00:00+00:00,1.0224577188491821,1.0255606174468994,1.0199687480926514,1.0199687480926514,77039
2024-10-25 04:00:00+00:00,1.0199779272079468,1.0202178955078125,1.0116511583328247,1.013922929763794,191233
2024-10-25 05:00:00+00:00,1.0139000415802002,1.0173512697219849,1.0122181177139282,1.0171114206314087,32166
2024-10-25 06:00:00+00:00,1.0170884132385254,1.0186413526535034,1.0148513317108154,1.0148513317108154,0
2024-10-25 07:00:00+00:00,1.0148149728775024,1.0164728164672852,1.0112591981887817,1.0148721933364868,21786
2024-10-25 08:00:00+00:00,1.0148868560791016,1.020077109336853,1.0106086730957031,1.020077109336853,222276
2024-10-25 09:00:00+00:00,1.0199183225631714,1.0260870456695557,1.019278645515442,1.0259380340576172,433947
2024-10-25 10:00:00+00:00,1.0257424116134644,1.0260999202728271,1.022484540939331,1.025342583656311,0
2024-10-25 11:00:00+00:00,1.0253455638885498,1.0253455638885498,1.022902488708496,1.0239250659942627,0
2024-10-25 12:00:00+00:00,1.0239731073379517,1.028027892112732,1.0208038091659546,1.0209617614746094,0
2024-10-25 13:00:00+00:00,1.0209404230117798,1.0312540531158447,1.0194374322891235,1.0242449045181274,413038
2024-10-25 14:00:00+00:00,1.02419114112854,1.0339452028274536,1.0232359170913696,1.0296086072921753,108495
2024-10-25 15:00:00+00:00,1.0296028852462769,1.0310242176055908,1.0202605724334717,1.0222240686416626,0
2024-10-25 16:00:00+00:00,1.022173523902893,1.02559232711792,1.0173358917236328,1.0240185260772705,0
2024-10-25 17:00:00+00:00,1.0240131616592407,1.0248440504074097,1.0099122524261475,1.0099360942840576,220636
2024-10-25 18:00:00+00:00,1.0099987983703613,1.01953125,1.003781795501709,1.0139833688735962,902592
2024-10-25 19:00:00+00:00,1.0138485431671143,1.0138485431671143,1.0069973468780518,1.0099209547042847,125556
2024-10-25 20:00:00+00:00,1.0098559856414795,1.0098559856414795,1.0043755769729614,1.0068910121917725,0
2024-10-25 21:00:00+00:00,1.006835699081421,1.0105186700820923,1.0060116052627563,1.010454773902893,0
2024-10-25 22:00:00+00:00,1.0104618072509766,1.011521339416504,1.0027852058410645,1.0028588771820068,0
2024-10-25 23:00:00+00:00,1.002852201461792,1.002852201461792,0.9584029912948608,0.9729239344596863,2800346
2024-10-26 00:00:00+00:00,0.9740621447563171,0.9832031726837158,0.9673240780830383,0.9832031726837158,476243
2024-10-26 01:00:00+00:00,0.9829182028770447,0.9829182028770447,0.9764201045036316,0.9784834980964661,34989
2024-10-26 02:00:00+00:00,0.9784647226333618,0.9884552955627441,0.9729453921318054,0.9872786998748779,0
2024-10-26 03:00:00+00:00,0.9873121380805969,0.99263995885849,0.9862396717071533,0.9926390647888184,79899
2024-10-26 04:00:00+00:00,0.9926779270172119,0.9926779270172119,0.9878895878791809,0.9893221855163574,0
2024-10-26 05:00:00+00:00,0.9893013834953308,0.9945119023323059,0.9893013834953308,0.9932016134262085,0
2024-10-26 06:00:00+00:00,0.9932209253311157,1.002065658569336,0.9931753873825073,1.002065658569336,421780
2024-10-26 07:00:00+00:00,1.0020527839660645,1.0020527839660645,0.9954730868339539,0.9958081841468811,9040
2024-10-26 08:00:00+00:00,0.9957939386367798,1.0003231763839722,0.9955328702926636,1.0001864433288574,0
2024-10-26 09:00:00+00:00,1.0001775026321411,1.0021251440048218,0.9982284903526306,0.9982284903526306,0
2024-10-26 10:00:00+00:00,0.9982085824012756,1.0008505582809448,0.9965059161186218,0.9970894455909729,0
2024-10-26 11:00:00+00:00,0.9970600605010986,0.9995797872543335,0.9966597557067871,0.9980785846710205,0
2024-10-26 12:00:00+00:00,0.9979917407035828,1.0060235261917114,0.9969590306282043,1.0060235261917114,552112
2024-10-26 13:00:00+00:00,1.0061225891113281,1.009230136871338,1.0006383657455444,1.0006383657455444,0
2024-10-26 14:00:00+00:00,1.000607967376709,1.0033310651779175,0.9986621141433716,1.002424716949463,119055
2024-10-26 15:00:00+00:00,1.0024183988571167,1.006415843963623,0.9987854361534119,0.9988745450973511,329851
2024-10-26 16:00:00+00:00,0.9989058375358582,1.0019186735153198,0.996884286403656,1.0007500648498535,0
2024-10-26 17:00:00+00:00,1.000771164894104,1.0061768293380737,1.000771164894104,1.0040578842163086,0
2024-10-26 18:00:00+00:00,1.0040196180343628,1.0071582794189453,1.0032414197921753,1.0058248043060303,0
2024-10-26 19:00:00+00:00,1.0050445795059204,1.0074025392532349,1.0049736499786377,1.0073535442352295,0
2024-10-26 20:00:00+00:00,1.007362961769104,1.0093876123428345,1.0045889616012573,1.004594326019287,27494
2024-10-26 21:00:00+00:00,1.0045888423919678,1.0048561096191406,1.0035310983657837,1.0043081045150757,0
2024-10-26 22:00:00+00:00,1.0042989253997803,1.0065512657165527,1.004051923751831,1.004296064376831,0
2024-10-26 23:00:00+00:00,1.0042946338653564,1.0054106712341309,1.0037872791290283,1.0054106712341309,0
2024-10-27 00:00:00+00:00,1.0052489042282104,1.0052489042282104,1.0015250444412231,1.0015250444412231,0
2024-10-27 01:00:00+00:00,1.0021804571151733,1.0041502714157104,1.0005289316177368,1.0037356615066528,0
2024-10-27 02:00:00+00:00,1.0037347078323364,1.0044738054275513,1.0019094944000244,1.0020405054092407,0
2024-10-27 03:00:00+00:00,1.0016181468963623,1.0076762437820435,1.0008883476257324,1.0076762437820435,0
2024-10-27 04:00:00+00:00,1.0079823732376099,1.0093121528625488,1.0050057172775269,1.0051014423370361,24886
2024-10-27 05:00:00+00:00,1.004611849784851,1.0058344602584839,1.0043268203735352,1.0058344602584839,0
2024-10-27 06:00:00+00:00,1.0054283142089844,1.0054283142089844,1.0024555921554565,1.0025672912597656,0
2024-10-27 07:00:00+00:00,1.0028088092803955,1.0041570663452148,1.0007004737854004,1.0041570663452148,0
2024-10-27 08:00:00+00:00,1.0041533708572388,1.0084786415100098,1.0041533708572388,1.0076619386672974,0
2024-10-27 09:00:00+00:00,1.007670283317566,1.0082508325576782,1.002785563468933,1.0046831369400024,0
2024-10-27 10:00:00+00:00,1.004638910293579,1.0063024759292603,1.003175973892212,1.0031793117523193,0
2024-10-27 11:00:00+00:00,1.0031746625900269,1.0046894550323486,1.002170443534851,1.002180814743042,0
2024-10-27 12:00:00+00:00,1.0022207498550415,1.0080171823501587,1.0019168853759766,1.0046805143356323,0
2024-10-27 13:00:00+00:00,1.0046805143356323,1.0099427700042725,1.0042892694473267,1.0044840574264526,0
2024-10-27 14:00:00+00:00,1.004395842552185,1.0078233480453491,1.004395842552185,1.0068824291229248,0
2024-10-27 15:00:00+00:00,1.0068309307098389,1.0087040662765503,1.005802869796753,1.0078518390655518,0
2024-10-27 16:00:00+00:00,1.0086897611618042,1.0147877931594849,1.0085313320159912,1.0147877931594849,43322
2024-10-27 17:00:00+00:00,1.0156455039978027,1.0161311626434326,1.0101852416992188,1.0101852416992188,116300
2024-10-27 18:00:00+00:00,1.0099738836288452,1.0099738836288452,1.0062716007232666,1.0080455541610718,4032
2024-10-27 19:00:00+00:00,1.0082523822784424,1.0106629133224487,1.0070143938064575,1.007015585899353,30643
2024-10-27 20:00:00+00:00,1.0071336030960083,1.0095244646072388,1.0062812566757202,1.0064448118209839,0
2024-10-27 21:00:00+00:00,1.009324073791504,1.0169041156768799,1.009324073791504,1.0136170387268066,117523
2024-10-27 22:00:00+00:00,1.0142079591751099,1.019484519958496,1.0142079591751099,1.0147836208343506,148519
2024-10-27 23:00:00+00:00,1.0145286321640015,1.0177208185195923,1.0079971551895142,1.0084089040756226,255156
2024-10-28 00:00:00+00:00,1.0081162452697754,1.0091536045074463,1.005394458770752,1.0070736408233643,218180
2024-10-28 01:00:00+00:00,1.0063445568084717,1.007256031036377,1.0036988258361816,1.003737211227417,86945
2024-10-28 02:00:00+00:00,1.0039805173873901,1.0049974918365479,1.0036839246749878,1.004325032234192,18206
2024-10-28 03:00:00+00:00,1.0041905641555786,1.0057892799377441,0.9994605779647827,0.9995140433311462,292600
2024-10-28 04:00:00+00:00,0.9995269179344177,1.003456950187683,0.9990209937095642,1.0003716945648193,26779
2024-10-28 05:00:00+00:00,1.0003591775894165,1.0024336576461792,0.995995819568634,1.0021677017211914,37604
2024-10-28 06:00:00+00:00,1.0021554231643677,1.008582353591919,1.0014338493347168,1.0069822072982788,238119
2024-10-28 07:00:00+00:00,1.0070167779922485,1.0130302906036377,1.0036778450012207,1.0036778450012207,631154
2024-10-28 08:00:00+00:00,1.0037637948989868,1.0097501277923584,1.0037637948989868,1.0081311464309692,99456
2024-10-28 09:00:00+00:00,1.008131980895996,1.0118896961212158,1.0049030780792236,1.0118896961212158,94464
2024-10-28 10:00:00+00:00,1.011972427368164,1.0129599571228027,1.010874629020691,1.0113120079040527,37527
2024-10-28 11:00:00+00:00,1.0112097263336182,1.0112097263336182,1.0088003873825073,1.0089104175567627,48748
2024-10-28 12:00:00+00:00,1.0089352130889893,1.011940598487854,1.0079872608184814,1.0094811916351318,98761
2024-10-28 13:00:00+00:00,1.0097243785858154,1.0270916223526,1.0095508098602295,1.0261396169662476,840927
2024-10-28 14:00:00+00:00,1.0261355638504028,1.0261355638504028,1.0186622142791748,1.0186622142791748,1054341
2024-10-28 15:00:00+00:00,1.0185831785202026,1.0185831785202026,1.013352394104004,1.014059066772461,255652
2024-10-28 16:00:00+00:00,1.0139715671539307,1.0149521827697754,1.005409598350525,1.005409598350525,157623
2024-10-28 17:00:00+00:00,1.0053657293319702,1.008272409439087,1.002047061920166,1.003077745437622,16565
2024-10-28 18:00:00+00:00,1.0030767917633057,1.0093210935592651,1.0030699968338013,1.0093210935592651,40773
2024-10-28 19:00:00+00:00,1.0093261003494263,1.0204672813415527,1.0093261003494263,1.013247013092041,431830
2024-10-28 20:00:00+00:00,1.013536810874939,1.0202070474624634,1.013536810874939,1.0191547870635986,310287
2024-10-28 21:00:00+00:00,1.0190722942352295,1.022459864616394,1.01262629032135,1.0204311609268188,646374
2024-10-28 22:00:00+00:00,1.020373821258545,1.025394082069397,1.0174144506454468,1.017852783203125,208587
2024-10-28 23:00:00+00:00,1.0178735256195068,1.0178735256195068,1.0118051767349243,1.0131014585494995,0
2024-10-29 00:00:00+00:00,1.0130900144577026,1.020388126373291,1.0123543739318848,1.020388126373291,0
2024-10-29 01:00:00+00:00,1.0205299854278564,1.0218679904937744,1.01748526096344,1.0198951959609985,0
2024-10-29 02:00:00+00:00,1.0199843645095825,1.0308928489685059,1.018866777420044,1.0264118909835815,396253
2024-10-29 03:00:00+00:00,1.0264472961425781,1.0283901691436768,1.0244061946868896,1.025146245956421,87123
2024-10-29 04:00:00+00:00,1.025141716003418,1.0276198387145996,1.025141716003418,1.0262343883514404,0
2024-10-29 05:00:00+00:00,1.0262740850448608,1.0267211198806763,1.0228538513183594,1.0235681533813477,4400
2024-10-29 06:00:00+00:00,1.0235248804092407,1.0249619483947754,1.0219151973724365,1.0231002569198608,0
2024-10-29 07:00:00+00:00,1.0231600999832153,1.0260083675384521,1.0227665901184082,1.0232223272323608,0
2024-10-29 08:00:00+00:00,1.0232315063476562,1.0261914730072021,1.0204689502716064,1.0253890752792358,165736
2024-10-29 09:00:00+00:00,1.0253928899765015,1.0258829593658447,1.023912787437439,1.025843620300293,0
2024-10-29 10:00:00+00:00,1.0258694887161255,1.0259730815887451,1.0210586786270142,1.0240997076034546,255537
2024-10-29 11:00:00+00:00,1.0241138935089111,1.0261143445968628,1.021575689315796,1.025879979133606,211948
2024-10-29 12:00:00+00:00,1.025963306427002,1.03585684299469,1.0258655548095703,1.034273386001587,1052927
2024-10-29 13:00:00+00:00,1.0344089269638062,1.034680724143982,1.0314208269119263,1.0336341857910156,0
2024-10-29 14:00:00+00:00,1.0336161851882935,1.0352553129196167,1.0321637392044067,1.0344734191894531,0
2024-10-29 15:00:00+00:00,1.034629464149475,1.0362839698791504,1.032196044921875,1.0345075130462646,0
2024-10-29 16:00:00+00:00,1.0344617366790771,1.054734706878662,1.0344617366790771,1.0546454191207886,633796
2024-10-29 17:00:00+00:00,1.0544719696044922,1.0566025972366333,1.050172209739685,1.0562852621078491,359723
2024-10-29 18:00:00+00:00,1.0557187795639038,1.0557187795639038,1.0527143478393555,1.0544543266296387,735527
2024-10-29 19:00:00+00:00,1.0545254945755005,1.0545254945755005,1.0365986824035645,1.0381481647491455,30554
2024-10-29 20:00:00+00:00,1.0381423234939575,1.0395233631134033,1.0329266786575317,1.0395233631134033,0
2024-10-29 21:00:00+00:00,1.039516568183899,1.0398907661437988,1.0386145114898682,1.0398907661437988,0
2024-10-29 22:00:00+00:00,1.0399178266525269,1.0481846332550049,1.0399178266525269,1.0475960969924927,0
2024-10-29 23:00:00+00:00,1.0476219654083252,1.0476219654083252,1.040204405784607,1.0408953428268433,171559
2024-10-30 00:00:00+00:00,1.0408560037612915,1.0446690320968628,1.0401617288589478,1.0402895212173462,312558
2024-10-30 01:00:00+00:00,1.0403053760528564,1.0406339168548584,1.035636067390442,1.0388814210891724,83388
2024-10-30 02:00:00+00:00,1.0388867855072021,1.0433409214019775,1.0388867855072021,1.0423307418823242,0
2024-10-30 03:00:00+00:00,1.0423214435577393,1.0465742349624634,1.0423214435577393,1.0453053712844849,0
2024-10-30 04:00:00+00:00,1.0453009605407715,1.0455272197723389,1.0443329811096191,1.0453894138336182,0
2024-10-30 05:00:00+00:00,1.045380711555481,1.0492608547210693,1.045380711555481,1.0492080450057983,166098
2024-10-30 06:00:00+00:00,1.049237847328186,1.0514342784881592,1.049237847328186,1.0494370460510254,300733
2024-10-30 07:00:00+00:00,1.0490283966064453,1.049032211303711,1.0345649719238281,1.0346217155456543,627792
2024-10-30 08:00:00+00:00,1.034020185470581,1.038181185722351,1.030366063117981,1.030366063117981,0
2024-10-30 09:00:00+00:00,1.0304780006408691,1.0339555740356445,1.028827428817749,1.03166925907135,121568
2024-10-30 10:00:00+00:00,1.031663179397583,1.0369682312011719,1.0294651985168457,1.0348097085952759,152929
2024-10-30 11:00:00+00:00,1.0348049402236938,1.0350481271743774,1.0265744924545288,1.0266703367233276,0
2024-10-30 12:00:00+00:00,1.026914119720459,1.0305126905441284,1.0258090496063232,1.0282058715820312,0
2024-10-30 13:00:00+00:00,1.0283774137496948,1.0315927267074585,1.0242735147476196,1.0245403051376343,380928
2024-10-30 14:00:00+00:00,1.0243021249771118,1.0433218479156494,1.0243021249771118,1.0421932935714722,657677
2024-10-30 15:00:00+00:00,1.0422422885894775,1.0445705652236938,1.0339336395263672,1.0396409034729004,59104
2024-10-30 16:00:00+00:00,1.0396027565002441,1.0406485795974731,1.0312392711639404,1.035906195640564,0
2024-10-30 17:00:00+00:00,1.0357130765914917,1.0357130765914917,1.0307725667953491,1.034495234489441,0
2024-10-30 18:00:00+00:00,1.0345263481140137,1.0384020805358887,1.0337718725204468,1.0356218814849854,0
2024-10-30 19:00:00+00:00,1.0356504917144775,1.035704255104065,1.030914306640625,1.0309414863586426,0
2024-10-30 20:00:00+00:00,1.0308679342269897,1.0362275838851929,1.0294058322906494,1.0362275838851929,0
2024-10-30 21:00:00+00:00,1.0361459255218506,1.036902666091919,1.0258979797363281,1.029577612876892,0
2024-10-30 22:00:00+00:00,1.0295870304107666,1.0302573442459106,1.0261486768722534,1.0282161235809326,0
2024-10-30 23:00:00+00:00,1.028213620185852,1.0296597480773926,1.027435541152954,1.027435541152954,0
2024-10-31 00:00:00+00:00,1.027438759803772,1.0301979780197144,1.0240631103515625,1.0240631103515625,0
2024-10-31 01:00:00+00:00,1.0240639448165894,1.0255522727966309,1.0212318897247314,1.024381399154663,0
2024-10-31 02:00:00+00:00,1.0244066715240479,1.0244436264038086,1.0206634998321533,1.0232142210006714,3281
2024-10-31 03:00:00+00:00,1.023209571838379,1.0244823694229126,1.0188380479812622,1.019041895866394,83925
2024-10-31 04:00:00+00:00,1.0189932584762573,1.0195674896240234,1.0173263549804688,1.0176056623458862,0
2024-10-31 05:00:00+00:00,1.0176072120666504,1.0192126035690308,1.0168957710266113,1.018868327140808,0
2024-10-31 06:00:00+00:00,1.018877625465393,1.018877625465393,1.011576771736145,1.0124263763427734,0
2024-10-31 07:00:00+00:00,1.0124067068099976,1.0124067068099976,1.0084713697433472,1.010555624961853,0
2024-10-31 08:00:00+00:00,1.0105531215667725,1.0105531215667725,1.0022337436676025,1.0038249492645264,0
2024-10-31 09:00:00+00:00,1.0038105249404907,1.0076147317886353,1.0038079023361206,1.0055445432662964,0
2024-10-31 10:00:00+00:00,1.0056241750717163,1.0062286853790283,1.001745581626892,1.0057568550109863,0
2024-10-31 11:00:00+00:00,1.005761981010437,1.0067225694656372,1.0036541223526,1.0057096481323242,0
2024-10-31 12:00:00+00:00,1.0057082176208496,1.0086733102798462,1.0031546354293823,1.006390929222107,0
2024-10-31 13:00:00+00:00,1.0063869953155518,1.0067790746688843,1.0017361640930176,1.0019886493682861,0
2024-10-31 14:00:00+00:00,1.0019574165344238,1.0019574165344238,0.9922425746917725,0.9931292533874512,0
2024-10-31 15:00:00+00:00,0.9931442141532898,0.9976308941841125,0.9920369982719421,0.9937828183174133,0
2024-10-31 16:00:00+00:00,0.9937297105789185,0.9937297105789185,0.9859431982040405,0.9871689677238464,148297
2024-10-31 17:00:00+00:00,0.9871967434883118,0.9871967434883118,0.9808415770530701,0.9865269660949707,448977
2024-10-31 18:00:00+00:00,0.9865483045578003,0.9865483045578003,0.9748711585998535,0.9825977683067322,277957
2024-10-31 19:00:00+00:00,0.9826458096504211,0.986112654209137,0.9807693362236023,0.9855781197547913,293702
2024-10-31 20:00:00+00:00,0.9855348467826843,0.9864357113838196,0.9800357818603516,0.9800357818603516,78065
2024-10-31 21:00:00+00:00,0.9800587296485901,0.9860579967498779,0.9788810014724731,0.9860579967498779,76505
2024-10-31 22:00:00+00:00,0.9860215187072754,0.9863420128822327,0.9819114208221436,0.9859991669654846,0
2024-10-31 23:00:00+00:00,0.9859675765037537,0.9888670444488525,0.9847045540809631,0.9868809580802917,52084
2024-11-01 00:00:00+00:00,0.9856946468353271,0.9869692921638489,0.9821282625198364,0.9848806858062744,0
2024-11-01 01:00:00+00:00,0.9848806858062744,0.9848806858062744,0.9769154191017151,0.9776217341423035,64298
2024-11-01 02:00:00+00:00,0.9776095747947693,0.9791015386581421,0.9692749381065369,0.9788346886634827,283174
2024-11-01 03:00:00+00:00,0.9788445234298706,0.9843069314956665,0.9788445234298706,0.9810793399810791,0
2024-11-01 04:00:00+00:00,0.9812370538711548,0.9819963574409485,0.9800914525985718,0.9819963574409485,28374
2024-11-01 05:00:00+00:00,0.9819916486740112,0.9825701117515564,0.9814257621765137,0.9822101593017578,0
2024-11-01 06:00:00+00:00,0.9821290969848633,0.9821290969848633,0.9714874029159546,0.9714874029159546,0
2024-11-01 07:00:00+00:00,0.9714850187301636,0.9730727672576904,0.9659868478775024,0.9716143012046814,17559
2024-11-01 08:00:00+00:00,0.9715636968612671,0.9772814512252808,0.9714398384094238,0.9751448035240173,0
2024-11-01 09:00:00+00:00,0.9751723408699036,0.9795337319374084,0.9751723408699036,0.9773064255714417,142499
2024-11-01 10:00:00+00:00,0.9773041605949402,0.9863415360450745,0.9771584272384644,0.9861748814582825,91347
2024-11-01 11:00:00+00:00,0.9861233234405518,0.9861657619476318,0.9827451109886169,0.9829270839691162,0
2024-11-01 12:00:00+00:00,0.9829366207122803,0.9915610551834106,0.9828742742538452,0.9893708229064941,10507
2024-11-01 13:00:00+00:00,0.989345908164978,0.9979234337806702,0.9875933527946472,0.9978851675987244,121459
2024-11-01 14:00:00+00:00,0.9979106783866882,1.0021239519119263,0.9945946335792542,0.9945946335792542,0
2024-11-01 15:00:00+00:00,0.9945863485336304,0.9961064457893372,0.9746286869049072,0.9807860851287842,190292
2024-11-01 16:00:00+00:00,0.9800880551338196,0.9884781241416931,0.9782460331916809,0.98683100938797,0
2024-11-01 17:00:00+00:00,0.9868484735488892,0.9876607060432434,0.9828428030014038,0.9832334518432617,0
2024-11-01 18:00:00+00:00,0.9835283160209656,0.9835283160209656,0.9804563522338867,0.9805490374565125,0
2024-11-01 19:00:00+00:00,0.9804834723472595,0.9820235371589661,0.9796057343482971,0.9812173843383789,0
2024-11-01 20:00:00+00:00,0.9812909364700317,0.9856178760528564,0.9809654951095581,0.9842032790184021,0
2024-11-01 21:00:00+00:00,0.9842029809951782,0.9848397970199585,0.9764765501022339,0.9822784066200256,27018
2024-11-01 22:00:00+00:00,0.9823163747787476,0.993745744228363,0.9823163747787476,0.993745744228363,163837
2024-11-01 23:00:00+00:00,0.9937456846237183,0.9953403472900391,0.992110550403595,0.9923506379127502,24081
2024-11-02 00:00:00+00:00,0.9922870993614197,0.9969729781150818,0.9922870993614197,0.9959060549736023,25026
2024-11-02 01:00:00+00:00,0.9958959817886353,0.9984652996063232,0.9958686232566833,0.9977553486824036,0
2024-11-02 02:00:00+00:00,0.9977748990058899,1.0007798671722412,0.9971538782119751,0.9973282217979431,0
2024-11-02 03:00:00+00:00,0.9972976446151733,0.9982274770736694,0.9954439401626587,0.9954439401626587,0
2024-11-02 04:00:00+00:00,0.995451807975769,0.9985336661338806,0.9954477548599243,0.9975236654281616,0
2024-11-02 05:00:00+00:00,0.9975217580795288,1.0007431507110596,0.9941290616989136,1.0004463195800781,5334
2024-11-02 06:00:00+00:00,1.0004395246505737,1.0006418228149414,0.9976992607116699,0.9993850588798523,0
2024-11-02 07:00:00+00:00,0.9993714690208435,0.9993715286254883,0.9962555766105652,0.9975577592849731,0
2024-11-02 08:00:00+00:00,0.9975982308387756,0.9997810125350952,0.9910265207290649,0.9910265207290649,136497
2024-11-02 09:00:00+00:00,0.9910383224487305,0.9910383224487305,0.9786136150360107,0.9787964224815369,267793
2024-11-02 10:00:00+00:00,0.9788166284561157,0.9833313226699829,0.9788166284561157,0.9827771186828613,0
2024-11-02 11:00:00+00:00,0.9827771186828613,0.9850499033927917,0.9823229312896729,0.9831887483596802,0
2024-11-02 12:00:00+00:00,0.9832087755203247,0.9837643504142761,0.9741001129150391,0.9741001129150391,0
2024-11-02 13:00:00+00:00,0.9740802049636841,0.9782437682151794,0.9720172882080078,0.9720172882080078,0
2024-11-02 14:00:00+00:00,0.9719567894935608,0.9766935706138611,0.9719567894935608,0.9756075739860535,0
2024-11-02 15:00:00+00:00,0.9756287336349487,0.9904490113258362,0.9743168950080872,0.987561047077179,44334
2024-11-02 16:00:00+00:00,0.9876358509063721,0.9876358509063721,0.9827498197555542,0.9863446354866028,39566
2024-11-02 17:00:00+00:00,0.9863053560256958,0.9863053560256958,0.9792633056640625,0.9802635312080383,0
2024-11-02 18:00:00+00:00,0.9801732301712036,0.9812707901000977,0.9783860445022583,0.9807232618331909,0
2024-11-02 19:00:00+00:00,0.9807087182998657,0.9840499758720398,0.9795777797698975,0.9835171699523926,0
2024-11-02 20:00:00+00:00,0.9835245609283447,0.9850732088088989,0.9835245609283447,0.9841074347496033,29226
2024-11-02 21:00:00+00:00,0.9841059446334839,0.9856106042861938,0.9831539988517761,0.9855853319168091,0
2024-11-02 22:00:00+00:00,0.9855719208717346,0.9873784780502319,0.9838966131210327,0.9873648285865784,0
2024-11-02 23:00:00+00:00,0.9873613715171814,0.9883806705474854,0.9849206209182739,0.9873052835464478,4752
2024-11-03 00:00:00+00:00,0.9874475002288818,0.9900966286659241,0.9841941595077515,0.9841941595077515,12358
2024-11-03 01:00:00+00:00,0.9842517375946045,0.9846019148826599,0.979999840259552,0.979999840259552,34222
2024-11-03 02:00:00+00:00,0.9800565838813782,0.9806660413742065,0.9602416157722473,0.9602416157722473,263151
2024-11-03 03:00:00+00:00,0.9603257775306702,0.9693805575370789,0.9586493968963623,0.9692258238792419,329446
2024-11-03 04:00:00+00:00,0.9692609906196594,0.9763190746307373,0.9692577719688416,0.9749070405960083,118158
2024-11-03 05:00:00+00:00,0.9749017357826233,0.9758914709091187,0.9690436720848083,0.9690436720848083,29054
2024-11-03 06:00:00+00:00,0.9690588712692261,0.9788407683372498,0.9688462018966675,0.9787380695343018,0
2024-11-03 07:00:00+00:00,0.9787240028381348,0.9787240028381348,0.9759979844093323,0.9768328070640564,0
2024-11-03 08:00:00+00:00,0.9768171906471252,0.9768171906471252,0.9732555150985718,0.9749370813369751,0
2024-11-03 09:00:00+00:00,0.9749525785446167,0.9754813313484192,0.9651903510093689,0.9651903510093689,0
2024-11-03 10:00:00+00:00,0.9651718735694885,0.9719209671020508,0.9649699926376343,0.9697137475013733,0
2024-11-03 11:00:00+00:00,0.9697369337081909,0.9702757596969604,0.9579594135284424,0.9579594135284424,57508
2024-11-03 12:00:00+00:00,0.9580672979354858,0.965883195400238,0.9580672979354858,0.9612671732902527,183254
2024-11-03 13:00:00+00:00,0.9613274335861206,0.9613274335861206,0.9442484378814697,0.9493323564529419,339161
2024-11-03 14:00:00+00:00,0.9493536353111267,0.9497905969619751,0.9441108703613281,0.9449782967567444,228696
2024-11-03 15:00:00+00:00,0.9450201988220215,0.9450201988220215,0.9376717209815979,0.9439765810966492,0
2024-11-03 16:00:00+00:00,0.9439964890480042,0.9498084783554077,0.9362562298774719,0.940073549747467,163125
2024-11-03 17:00:00+00:00,0.9400541186332703,0.9476537704467773,0.9400541186332703,0.9452980756759644,3082
2024-11-03 18:00:00+00:00,0.9453117251396179,0.9496405124664307,0.9388359785079956,0.9394603967666626,140535
2024-11-03 19:00:00+00:00,0.9395151138305664,0.9597282409667969,0.9395151138305664,0.9590060114860535,301165
2024-11-03 20:00:00+00:00,0.9590057134628296,0.9647404551506042,0.9580631852149963,0.9647006988525391,180061
2024-11-03 21:00:00+00:00,0.9647194743156433,0.9696605205535889,0.9647194743156433,0.9669522643089294,184081
2024-11-03 22:00:00+00:00,0.9667506217956543,0.9702267646789551,0.96632981300354,0.9667171835899353,43292
2024-11-03 23:00:00+00:00,0.9667708873748779,0.9675409197807312,0.9651980996131897,0.9675278663635254,0
2024-11-04 00:00:00+00:00,0.9675161242485046,0.9675161242485046,0.9561744332313538,0.9597176313400269,79321
2024-11-04 01:00:00+00:00,0.9604858160018921,0.9716896414756775,0.9604858160018921,0.9701690673828125,159446
2024-11-04 02:00:00+00:00,0.9701374769210815,0.9756777286529541,0.9690843820571899,0.9756777286529541,0
2024-11-04 03:00:00+00:00,0.9757043719291687,0.9787869453430176,0.970826268196106,0.970826268196106,0
2024-11-04 04:00:00+00:00,0.970099151134491,0.970916211605072,0.9687759876251221,0.9694132804870605,0
2024-11-04 05:00:00+00:00,0.9694138169288635,0.969589114189148,0.962925136089325,0.9629945755004883,103165
2024-11-04 06:00:00+00:00,0.9624634981155396,0.9691278338432312,0.96237713098526,0.9691278338432312,0
2024-11-04 07:00:00+00:00,0.9691686034202576,0.9696446657180786,0.9601573944091797,0.9601573944091797,0
2024-11-04 08:00:00+00:00,0.9601640105247498,0.962552547454834,0.9531224370002747,0.9540614485740662,170677
2024-11-04 09:00:00+00:00,0.9540103673934937,0.9589976668357849,0.9527048468589783,0.9531146883964539,4500
2024-11-04 10:00:00+00:00,0.9532552361488342,0.9636704325675964,0.9532552361488342,0.9537042379379272,247958
2024-11-04 11:00:00+00:00,0.95369553565979,0.9584410786628723,0.95369553565979,0.9561384320259094,46482
2024-11-04 12:00:00+00:00,0.9561720490455627,0.9584451913833618,0.9510921239852905,0.9518125653266907,0
2024-11-04 13:00:00+00:00,0.9517964720726013,0.9571139812469482,0.9476200938224792,0.9476200938224792,0
2024-11-04 14:00:00+00:00,0.9475758075714111,0.9478862285614014,0.9440977573394775,0.9452491402626038,0
2024-11-04 15:00:00+00:00,0.9457224011421204,0.9477325081825256,0.9403839111328125,0.9403939843177795,50778
2024-11-04 16:00:00+00:00,0.9403501152992249,0.9403956532478333,0.922245442867279,0.9237470626831055,476044
2024-11-04 17:00:00+00:00,0.9237881302833557,0.9263782501220703,0.9214839339256287,0.9214839339256287,610671
2024-11-04 18:00:00+00:00,0.9214393496513367,0.9307995438575745,0.9214200973510742,0.9275868535041809,442469
2024-11-04 19:00:00+00:00,0.9275149703025818,0.9338005185127258,0.9275149703025818,0.9329187870025635,0
2024-11-04 20:00:00+00:00,0.9329286217689514,0.9330774545669556,0.9267802238464355,0.9267802238464355,0
2024-11-04 21:00:00+00:00,0.9266560673713684,0.9297924637794495,0.9022873640060425,0.9022873640060425,755834
2024-11-04 22:00:00+00:00,0.9028186798095703,0.9273970723152161,0.9028186798095703,0.9273970723152161,546893
2024-11-04 23:00:00+00:00,0.9271299839019775,0.9281399846076965,0.9235543608665466,0.9256950616836548,114252
2024-11-05 00:00:00+00:00,0.9257225394248962,0.932823657989502,0.9257225394248962,0.930598258972168,25789
2024-11-05 01:00:00+00:00,0.9305598139762878,0.9322336912155151,0.923423171043396,0.9322336912155151,0
2024-11-05 02:00:00+00:00,0.9322092533111572,0.9324196577072144,0.926997721195221,0.926997721195221,19686
2024-11-05 03:00:00+00:00,0.927060067653656,0.9316014647483826,0.927060067653656,0.9305363893508911,0
2024-11-05 04:00:00+00:00,0.9307016730308533,0.9356111288070679,0.9307016730308533,0.9348809123039246,0
2024-11-05 05:00:00+00:00,0.9347989559173584,0.935092568397522,0.932170569896698,0.935092568397522,0
2024-11-05 06:00:00+00:00,0.9350326657295227,0.9363445043563843,0.9319309592247009,0.9337766170501709,86682
2024-11-05 07:00:00+00:00,0.9337504506111145,0.9337504506111145,0.927338719367981,0.9316571354866028,3136
2024-11-05 08:00:00+00:00,0.9316492080688477,0.9316492080688477,0.9276965856552124,0.9307172894477844,0
2024-11-05 09:00:00+00:00,0.930720865726471,0.9399362206459045,0.930720865726471,0.9332658648490906,239371
2024-11-05 10:00:00+00:00,0.9332781434059143,0.9332781434059143,0.9291009306907654,0.9298498034477234,0
2024-11-05 11:00:00+00:00,0.9297470450401306,0.9320382475852966,0.9287756681442261,0.9320382475852966,124288
2024-11-05 12:00:00+00:00,0.9320173859596252,0.9324605464935303,0.9306008815765381,0.9318936467170715,0
2024-11-05 13:00:00+00:00,0.9318579435348511,0.9323694109916687,0.928321897983551,0.9316444396972656,0
2024-11-05 14:00:00+00:00,0.9316432476043701,0.9462573528289795,0.9299143552780151,0.9406921863555908,316222
2024-11-05 15:00:00+00:00,0.9406538009643555,0.9406538009643555,0.9291041493415833,0.9325292110443115,0
2024-11-05 16:00:00+00:00,0.9326515197753906,0.9419015645980835,0.9326515197753906,0.9419015645980835,0
2024-11-05 17:00:00+00:00,0.941691517829895,0.9437007904052734,0.937220573425293,0.937220573425293,0
2024-11-05 18:00:00+00:00,0.9371097683906555,0.9389540553092957,0.935734748840332,0.9387622475624084,0
2024-11-05 19:00:00+00:00,0.9387673139572144,0.9387673139572144,0.9222719669342041,0.9222719669342041,507115
2024-11-05 20:00:00+00:00,0.9223601222038269,0.9311710596084595,0.9216840863227844,0.9308745861053467,165382
2024-11-05 21:00:00+00:00,0.9308754801750183,0.9321383833885193,0.9291191101074219,0.9291191101074219,0
2024-11-05 22:00:00+00:00,0.9291191101074219,0.933665931224823,0.9229609966278076,0.933665931224823,0
2024-11-05 23:00:00+00:00,0.934021532535553,0.9378467798233032,0.934021532535553,0.9341092705726624,0
2024-11-06 00:00:00+00:00,0.934105396270752,0.9573826789855957,0.9337799549102783,0.9566373229026794,340977
2024-11-06 01:00:00+00:00,0.9566471576690674,0.9585413932800293,0.9476502537727356,0.9514539241790771,303395
2024-11-06 02:00:00+00:00,0.9514377117156982,0.963367223739624,0.9494921565055847,0.963367223739624,770628
2024-11-06 03:00:00+00:00,0.9633044600486755,0.974915087223053,0.9629963636398315,0.974915087223053,1077088
2024-11-06 04:00:00+00:00,0.9741798639297485,0.9750859141349792,0.9684739112854004,0.9729111790657043,1280523
2024-11-06 05:00:00+00:00,0.9729929566383362,0.9794050455093384,0.9653280377388,0.9794050455093384,584901
2024-11-06 06:00:00+00:00,0.9794274568557739,0.9883447885513306,0.9794274568557739,0.9856346249580383,915703
2024-11-06 07:00:00+00:00,0.9852044582366943,0.9979958534240723,0.9834389686584473,0.985456645488739,805982
2024-11-06 08:00:00+00:00,0.9855202436447144,0.9861940145492554,0.9667932987213135,0.9827565550804138,872877
2024-11-06 09:00:00+00:00,0.9827341437339783,0.9916160106658936,0.9827341437339783,0.9884050488471985,189717
2024-11-06 10:00:00+00:00,0.9883878231048584,0.9902838468551636,0.9848822951316833,0.9893372058868408,61167
2024-11-06 11:00:00+00:00,0.9893397688865662,0.9894945621490479,0.9870225191116333,0.9894241690635681,111909
2024-11-06 12:00:00+00:00,0.9894376397132874,0.9923758506774902,0.9880391955375671,0.9880715608596802,285878
2024-11-06 13:00:00+00:00,0.9880715608596802,0.9880715608596802,0.9808138012886047,0.9856404066085815,143024
2024-11-06 14:00:00+00:00,0.985620379447937,0.9898146390914917,0.98231440782547,0.9836328029632568,0
2024-11-06 15:00:00+00:00,0.983869194984436,0.9929100275039673,0.983869194984436,0.990541398525238,14924
2024-11-06 16:00:00+00:00,0.9905465841293335,1.0041017532348633,0.9902945756912231,1.0032488107681274,446294
2024-11-06 17:00:00+00:00,1.0032767057418823,1.0056654214859009,0.9993072748184204,1.0020604133605957,0
2024-11-06 18:00:00+00:00,1.002309799194336,1.009599208831787,1.002309799194336,1.0090668201446533,54102
2024-11-06 19:00:00+00:00,1.0090397596359253,1.017471432685852,1.0090397596359253,1.0120294094085693,0
2024-11-06 20:00:00+00:00,1.0120245218276978,1.015102744102478,1.010623812675476,1.015100359916687,0
2024-11-06 21:00:00+00:00,1.015092134475708,1.0171672105789185,1.0145066976547241,1.0166958570480347,18016
2024-11-06 22:00:00+00:00,1.0166958570480347,1.044257640838623,1.0166958570480347,1.0405027866363525,2314865
2024-11-06 23:00:00+00:00,1.041313648223877,1.0416887998580933,1.0298224687576294,1.0305792093276978,427136
2024-11-07 00:00:00+00:00,1.0311552286148071,1.0340062379837036,1.025336503982544,1.0255368947982788,0
2024-11-07 01:00:00+00:00,1.025457739830017,1.04771089553833,1.025457739830017,1.0383872985839844,0
2024-11-07 02:00:00+00:00,1.0386747121810913,1.0442923307418823,1.0384364128112793,1.0442923307418823,0
2024-11-07 03:00:00+00:00,1.044342041015625,1.0448726415634155,1.0352959632873535,1.0352959632873535,0
2024-11-07 04:00:00+00:00,1.0353286266326904,1.036988615989685,1.0161734819412231,1.0230852365493774,0
2024-11-07 05:00:00+00:00,1.0229469537734985,1.0229469537734985,1.0102946758270264,1.0196880102157593,182167
2024-11-07 06:00:00+00:00,1.019416332244873,1.019416332244873,1.0045100450515747,1.0100538730621338,0
2024-11-07 07:00:00+00:00,1.0117380619049072,1.0171135663986206,1.0107836723327637,1.0159707069396973,0
2024-11-07 08:00:00+00:00,1.0147287845611572,1.0230077505111694,1.0146172046661377,1.0230077505111694,0
2024-11-07 09:00:00+00:00,1.0240083932876587,1.0240137577056885,1.0211083889007568,1.0212758779525757,0
2024-11-07 10:00:00+00:00,1.0212186574935913,1.021701455116272,1.01350998878479,1.0211399793624878,161134
2024-11-07 11:00:00+00:00,1.021575927734375,1.0227547883987427,1.0156967639923096,1.0156967639923096,0
2024-11-07 12:00:00+00:00,1.0142011642456055,1.0234720706939697,1.0142011642456055,1.0228347778320312,0
2024-11-07 13:00:00+00:00,1.0228924751281738,1.0228924751281738,1.0079705715179443,1.0086334943771362,277841
2024-11-07 14:00:00+00:00,1.0083534717559814,1.032646656036377,1.0081325769424438,1.0302653312683105,1443435
2024-11-07 15:00:00+00:00,1.0311776399612427,1.0375182628631592,1.0284433364868164,1.0375182628631592,861881
2024-11-07 16:00:00+00:00,1.0375646352767944,1.0453394651412964,1.0358078479766846,1.0443260669708252,44446
2024-11-07 17:00:00+00:00,1.044326663017273,1.0473233461380005,1.0425961017608643,1.0461863279342651,188792
2024-11-07 18:00:00+00:00,1.0446027517318726,1.0446027517318726,1.037214756011963,1.0423386096954346,478130
2024-11-07 19:00:00+00:00,1.0436797142028809,1.0436797142028809,1.038002610206604,1.0416041612625122,193590
2024-11-07 20:00:00+00:00,1.0429435968399048,1.0513732433319092,1.0429435968399048,1.0505520105361938,1403996
2024-11-07 21:00:00+00:00,1.0505636930465698,1.0516737699508667,1.045944094657898,1.045944094657898,374914
2024-11-07 22:00:00+00:00,1.0451807975769043,1.0462356805801392,1.034530758857727,1.0350288152694702,0
2024-11-07 23:00:00+00:00,1.035014033317566,1.0505261421203613,1.029130220413208,1.0505261421203613,340220
2024-11-08 00:00:00+00:00,1.0518245697021484,1.0582422018051147,1.0518245697021484,1.0569928884506226,605462
2024-11-08 01:00:00+00:00,1.0566482543945312,1.0580148696899414,1.0508546829223633,1.051740050315857,0
2024-11-08 02:00:00+00:00,1.0517065525054932,1.0517065525054932,1.0367857217788696,1.0367857217788696,0
2024-11-08 03:00:00+00:00,1.0367636680603027,1.041018009185791,1.034751534461975,1.040959119796753,65662
2024-11-08 04:00:00+00:00,1.0410213470458984,1.0443288087844849,1.0312210321426392,1.0312210321426392,0
2024-11-08 05:00:00+00:00,1.0312119722366333,1.0386213064193726,1.0305991172790527,1.0348502397537231,0
2024-11-08 06:00:00+00:00,1.0348316431045532,1.036926031112671,1.0311373472213745,1.0354934930801392,0
2024-11-08 07:00:00+00:00,1.0354750156402588,1.0354750156402588,1.0263605117797852,1.032894492149353,857494
2024-11-08 08:00:00+00:00,1.0329686403274536,1.0333408117294312,1.0233986377716064,1.0290589332580566,926634
2024-11-08 09:00:00+00:00,1.0290756225585938,1.0325963497161865,1.0251033306121826,1.0310852527618408,759930
2024-11-08 10:00:00+00:00,1.0309666395187378,1.035028338432312,1.0297871828079224,1.035028338432312,0
2024-11-08 11:00:00+00:00,1.0350016355514526,1.0388100147247314,1.0350016355514526,1.0373814105987549,175184
2024-11-08 12:00:00+00:00,1.0373759269714355,1.043558955192566,1.0364311933517456,1.0431602001190186,621664
2024-11-08 13:00:00+00:00,1.0430995225906372,1.0440644025802612,1.0357866287231445,1.0428786277770996,0
2024-11-08 14:00:00+00:00,1.0429192781448364,1.0437501668930054,1.025599479675293,1.025599479675293,0
2024-11-08 15:00:00+00:00,1.025615930557251,1.0327749252319336,1.0248957872390747,1.0277626514434814,0
2024-11-08 16:00:00+00:00,1.0275076627731323,1.0291410684585571,1.0116214752197266,1.0152636766433716,319384
2024-11-08 17:00:00+00:00,1.015332579612732,1.0158792734146118,1.0026096105575562,1.0158792734146118,145224
2024-11-08 18:00:00+00:00,1.0158389806747437,1.0206291675567627,1.0147777795791626,1.0179228782653809,0
2024-11-08 19:00:00+00:00,1.0179961919784546,1.0229274034500122,1.0179961919784546,1.0219446420669556,0
2024-11-08 20:00:00+00:00,1.0219799280166626,1.0219799280166626,1.0041632652282715,1.0085139274597168,0
2024-11-08 21:00:00+00:00,1.0085716247558594,1.014416217803955,1.0048305988311768,1.0132423639297485,0
2024-11-08 22:00:00+00:00,1.0131664276123047,1.0224401950836182,1.0131664276123047,1.0204130411148071,0
2024-11-08 23:00:00+00:00,1.0204172134399414,1.0204172134399414,1.0161625146865845,1.0184742212295532,0
2024-11-09 00:00:00+00:00,1.018895149230957,1.0241584777832031,1.018332839012146,1.0229675769805908,0
2024-11-09 01:00:00+00:00,1.022985577583313,1.022985577583313,1.01511549949646,1.0163065195083618,3243
2024-11-09 02:00:00+00:00,1.0162773132324219,1.0175920724868774,1.0134289264678955,1.0175920724868774,0
2024-11-09 03:00:00+00:00,1.0176270008087158,1.0210291147232056,1.0147076845169067,1.016460657119751,36476
2024-11-09 04:00:00+00:00,1.0166220664978027,1.0234144926071167,1.0166220664978027,1.0218595266342163,0
2024-11-09 05:00:00+00:00,1.0219348669052124,1.0347422361373901,1.0219348669052124,1.0347422361373901,141618
2024-11-09 06:00:00+00:00,1.0347611904144287,1.035238265991211,1.024962067604065,1.0350306034088135,764446
2024-11-09 07:00:00+00:00,1.035033106803894,1.0390506982803345,1.031245470046997,1.0390506982803345,0
2024-11-09 08:00:00+00:00,1.0390440225601196,1.0400439500808716,1.036627173423767,1.036627173423767,0
2024-11-09 09:00:00+00:00,1.0365207195281982,1.0386618375778198,1.0363308191299438,1.037679672241211,0
2024-11-09 10:00:00+00:00,1.037685751914978,1.0398294925689697,1.0375062227249146,1.0386818647384644,444612
2024-11-09 11:00:00+00:00,1.0386700630187988,1.048384666442871,1.0385220050811768,1.0467013120651245,398576
2024-11-09 12:00:00+00:00,1.0466983318328857,1.0476163625717163,1.0351576805114746,1.0351576805114746,0
2024-11-09 13:00:00+00:00,1.035275936126709,1.0467461347579956,1.035275936126709,1.0430071353912354,154724
2024-11-09 14:00:00+00:00,1.0429353713989258,1.0429353713989258,1.021647572517395,1.0266159772872925,2420406
2024-11-09 15:00:00+00:00,1.026940941810608,1.033295750617981,1.0251448154449463,1.0325186252593994,19815
2024-11-09 16:00:00+00:00,1.0325132608413696,1.0348690748214722,1.029223918914795,1.0306239128112793,0
2024-11-09 17:00:00+00:00,1.0305414199829102,1.0305414199829102,1.01821768283844,1.025036096572876,0
2024-11-09 18:00:00+00:00,1.0249954462051392,1.0304014682769775,1.0248233079910278,1.0293630361557007,0
2024-11-09 19:00:00+00:00,1.0293183326721191,1.0317398309707642,1.0271602869033813,1.0295839309692383,105032
2024-11-09 20:00:00+00:00,1.0296833515167236,1.0364673137664795,1.028505563735962,1.0364673137664795,0
2024-11-09 21:00:00+00:00,1.03648841381073,1.0368260145187378,1.0311468839645386,1.0311468839645386,22608
2024-11-09 22:00:00+00:00,1.0311520099639893,1.0414263010025024,1.0311520099639893,1.0414263010025024,82708
2024-11-09 23:00:00+00:00,1.0414772033691406,1.0449904203414917,1.0414772033691406,1.0441851615905762,415389
2024-11-10 00:00:00+00:00,1.0441309213638306,1.0441309213638306,1.0368822813034058,1.041011095046997,110176
2024-11-10 01:00:00+00:00,1.0411038398742676,1.0411038398742676,1.034173607826233,1.0400729179382324,31878
2024-11-10 02:00:00+00:00,1.0402969121932983,1.0498991012573242,1.0402969121932983,1.049768328666687,265889
2024-11-10 03:00:00+00:00,1.049768328666687,1.0530635118484497,1.041864037513733,1.0530635118484497,320026
2024-11-10 04:00:00+00:00,1.0529508590698242,1.0564943552017212,1.047442078590393,1.047442078590393,874942
2024-11-10 05:00:00+00:00,1.0471887588500977,1.061344027519226,1.0471887588500977,1.056787371635437,737145
2024-11-10 06:00:00+00:00,1.0568225383758545,1.0568225383758545,1.0522501468658447,1.054506778717041,0
2024-11-10 07:00:00+00:00,1.0545246601104736,1.063491702079773,1.0545246601104736,1.063491702079773,360728
2024-11-10 08:00:00+00:00,1.063470482826233,1.0653291940689087,1.0631712675094604,1.0650261640548706,875020
2024-11-10 09:00:00+00:00,1.0648516416549683,1.0714397430419922,1.0642340183258057,1.0693597793579102,749344
2024-11-10 10:00:00+00:00,1.0693726539611816,1.0718687772750854,1.0657159090042114,1.0705616474151611,0
2024-11-10 11:00:00+00:00,1.0706026554107666,1.0775617361068726,1.0629444122314453,1.0775617361068726,0
2024-11-10 12:00:00+00:00,1.0776033401489258,1.0777363777160645,1.0585845708847046,1.071487545967102,1038278
2024-11-10 13:00:00+00:00,1.0723525285720825,1.0796481370925903,1.0717636346817017,1.0796481370925903,204766
2024-11-10 14:00:00+00:00,1.0812991857528687,1.0858707427978516,1.0623797178268433,1.0681936740875244,0
2024-11-10 15:00:00+00:00,1.0686091184616089,1.0772297382354736,1.0674835443496704,1.0772297382354736,76132
2024-11-10 16:00:00+00:00,1.0772637128829956,1.0800750255584717,1.0662542581558228,1.0794366598129272,438380
2024-11-10 17:00:00+00:00,1.0805909633636475,1.0873428583145142,1.0782444477081299,1.0858808755874634,373642
2024-11-10 18:00:00+00:00,1.0861618518829346,1.0902893543243408,1.081822156906128,1.088366985321045,787502
2024-11-10 19:00:00+00:00,1.08843195438385,1.08843195438385,1.0550432205200195,1.0585708618164062,513360
2024-11-10 20:00:00+00:00,1.059081792831421,1.062700629234314,1.0407971143722534,1.0407971143722534,1170434
2024-11-10 21:00:00+00:00,1.0406361818313599,1.0495333671569824,1.0187517404556274,1.0491191148757935,1477470
2024-11-10 22:00:00+00:00,1.0490469932556152,1.0634154081344604,1.0462052822113037,1.0547130107879639,494702
2024-11-10 23:00:00+00:00,1.0546015501022339,1.0661146640777588,1.0546015501022339,1.0661146640777588,0
2024-11-11 00:00:00+00:00,1.0660847425460815,1.0796990394592285,1.0636100769042969,1.0746304988861084,16646
2024-11-11 01:00:00+00:00,1.0748229026794434,1.0813279151916504,1.0720213651657104,1.07745361328125,32212
2024-11-11 02:00:00+00:00,1.0774180889129639,1.081434726715088,1.0767619609832764,1.08071768283844,179284
2024-11-11 03:00:00+00:00,1.0806289911270142,1.0816236734390259,1.068104863166809,1.0775048732757568,30306
2024-11-11 04:00:00+00:00,1.0783662796020508,1.0789192914962769,1.0663957595825195,1.0743625164031982,0
2024-11-11 05:00:00+00:00,1.074272632598877,1.074272632598877,1.0338470935821533,1.0338470935821533,0
2024-11-11 06:00:00+00:00,1.035056471824646,1.0500739812850952,1.035056471824646,1.0383601188659668,307868
2024-11-11 07:00:00+00:00,1.038350224494934,1.044472098350525,1.0332177877426147,1.0444148778915405,0
2024-11-11 08:00:00+00:00,1.0446504354476929,1.048134684562683,1.0429911613464355,1.0472736358642578,0
2024-11-11 09:00:00+00:00,1.0472813844680786,1.0520575046539307,1.0426965951919556,1.0520347356796265,0
2024-11-11 10:00:00+00:00,1.0521843433380127,1.0579255819320679,1.051044225692749,1.055015206336975,398030
2024-11-11 11:00:00+00:00,1.05507493019104,1.0602145195007324,1.0541716814041138,1.0592527389526367,0
2024-11-11 12:00:00+00:00,1.0592442750930786,1.0656670331954956,1.055342674255371,1.062159538269043,0
2024-11-11 13:00:00+00:00,1.0620821714401245,1.0624552965164185,1.053508996963501,1.0577205419540405,0
2024-11-11 14:00:00+00:00,1.0577598810195923,1.0625501871109009,1.0500142574310303,1.058316707611084,0
2024-11-11 15:00:00+00:00,1.0583261251449585,1.0632013082504272,1.0549590587615967,1.0570592880249023,160856
2024-11-11 16:00:00+00:00,1.0569523572921753,1.0715566873550415,1.0569523572921753,1.0691529512405396,405968
2024-11-11 17:00:00+00:00,1.0690995454788208,1.0851882696151733,1.0679479837417603,1.0829148292541504,65092
2024-11-11 18:00:00+00:00,1.0826839208602905,1.0826839208602905,1.07155179977417,1.079168677330017,0
2024-11-11 19:00:00+00:00,1.079042911529541,1.079042911529541,1.067662239074707,1.069962501525879,0
2024-11-11 20:00:00+00:00,1.0699304342269897,1.0921555757522583,1.0699304342269897,1.0894399881362915,669788
2024-11-11 21:00:00+00:00,1.0895798206329346,1.097221851348877,1.0878263711929321,1.0898942947387695,0
2024-11-11 22:00:00+00:00,1.0898679494857788,1.090637445449829,1.0734941959381104,1.0892783403396606,93572
2024-11-11 23:00:00+00:00,1.0891603231430054,1.096154808998108,1.0825090408325195,1.0946894884109497,927146
2024-11-12 00:00:00+00:00,1.0947672128677368,1.0947672128677368,1.0688050985336304,1.0853344202041626,608884
2024-11-12 01:00:00+00:00,1.0853532552719116,1.090370535850525,1.0789132118225098,1.0856326818466187,168368
2024-11-12 02:00:00+00:00,1.0850573778152466,1.0891165733337402,1.0707035064697266,1.073302984237671,103134
2024-11-12 03:00:00+00:00,1.0732589960098267,1.0859229564666748,1.0717190504074097,1.0851889848709106,0
2024-11-12 04:00:00+00:00,1.0851471424102783,1.085339903831482,1.075211524963379,1.0760833024978638,0
2024-11-12 05:00:00+00:00,1.0760536193847656,1.1066086292266846,1.0738211870193481,1.1066086292266846,2690562
2024-11-12 06:00:00+00:00,1.1066691875457764,1.1070116758346558,1.0964592695236206,1.1043455600738525,214778
2024-11-12 07:00:00+00:00,1.103610873222351,1.1077353954315186,1.10289466381073,1.106835961341858,357558
2024-11-12 08:00:00+00:00,1.1068143844604492,1.107574462890625,1.1004081964492798,1.1051099300384521,902586
2024-11-12 09:00:00+00:00,1.105124592781067,1.110044002532959,1.0647588968276978,1.064768671989441,1431914
2024-11-12 10:00:00+00:00,1.0646156072616577,1.064742922782898,1.0099802017211914,1.0357918739318848,2122396
2024-11-12 11:00:00+00:00,1.0362794399261475,1.0531423091888428,1.0362794399261475,1.042614221572876,1052616
2024-11-12 12:00:00+00:00,1.0424052476882935,1.0489922761917114,1.0245505571365356,1.0337963104248047,601632
2024-11-12 13:00:00+00:00,1.0336642265319824,1.0336642265319824,1.0123982429504395,1.0280414819717407,852010
2024-11-12 14:00:00+00:00,1.0279258489608765,1.0377131700515747,1.0199966430664062,1.0360654592514038,616816
2024-11-12 15:00:00+00:00,1.0362277030944824,1.0374138355255127,1.0240356922149658,1.0240356922149658,329160
2024-11-12 16:00:00+00:00,1.0240598917007446,1.0286147594451904,1.0107979774475098,1.0277559757232666,0
2024-11-12 17:00:00+00:00,1.027566909790039,1.038047432899475,1.0272120237350464,1.031442642211914,249938
2024-11-12 18:00:00+00:00,1.0313583612442017,1.0456191301345825,1.0295578241348267,1.0429725646972656,74980
2024-11-12 19:00:00+00:00,1.0430885553359985,1.0501247644424438,1.042262315750122,1.0448280572891235,215514
2024-11-12 20:00:00+00:00,1.0447701215744019,1.0575487613677979,1.042351245880127,1.0563596487045288,0
2024-11-12 21:00:00+00:00,1.0563596487045288,1.0563596487045288,1.0416675806045532,1.0500479936599731,0
2024-11-12 22:00:00+00:00,1.0499083995819092,1.0611109733581543,1.0470941066741943,1.0611109733581543,0
2024-11-12 23:00:00+00:00,1.0610355138778687,1.0618258714675903,1.050893783569336,1.0522382259368896,0
2024-11-13 00:00:00+00:00,1.0523656606674194,1.0566554069519043,1.0445044040679932,1.0445044040679932,0
2024-11-13 01:00:00+00:00,1.0444812774658203,1.0444812774658203,1.021624207496643,1.0306172370910645,363044
2024-11-13 02:00:00+00:00,1.0308042764663696,1.0308042764663696,1.0031017065048218,1.0183179378509521,184376
2024-11-13 03:00:00+00:00,1.0184214115142822,1.0203068256378174,1.0021958351135254,1.0057076215744019,446174
2024-11-13 04:00:00+00:00,1.0057957172393799,1.0088180303573608,0.9791086316108704,0.9893686771392822,1530578
2024-11-13 05:00:00+00:00,0.9896036386489868,0.9973845481872559,0.9800630211830139,0.9800630211830139,0
2024-11-13 06:00:00+00:00,0.9799089431762695,0.9940303564071655,0.974830687046051,0.9861771464347839,0
2024-11-13 07:00:00+00:00,0.9861758947372437,0.9996103644371033,0.984312117099762,0.9996042251586914,0
2024-11-13 08:00:00+00:00,0.9995141625404358,1.0049482583999634,0.9935705065727234,0.9937815070152283,0
2024-11-13 09:00:00+00:00,0.9937673807144165,1.004051685333252,0.9926844239234924,1.004051685333252,0
2024-11-13 10:00:00+00:00,1.0041732788085938,1.007103681564331,0.9965020418167114,1.007103681564331,0
2024-11-13 11:00:00+00:00,1.0070856809616089,1.0181528329849243,1.0070856809616089,1.0083386898040771,0
2024-11-13 12:00:00+00:00,1.0082800388336182,1.014127254486084,1.002281904220581,1.0134119987487793,0
2024-11-13 13:00:00+00:00,1.013412594795227,1.0312697887420654,1.0067740678787231,1.0262993574142456,0
2024-11-13 14:00:00+00:00,1.0265392065048218,1.0589940547943115,1.0262044668197632,1.0589817762374878,1231646
2024-11-13 15:00:00+00:00,1.0588557720184326,1.0588557720184326,1.0423799753189087,1.0489060878753662,661078
2024-11-13 16:00:00+00:00,1.048888921737671,1.05278742313385,1.0385767221450806,1.0423731803894043,168880
2024-11-13 17:00:00+00:00,1.041745901107788,1.045377492904663,1.0392242670059204,1.0403426885604858,0
2024-11-13 18:00:00+00:00,1.0402203798294067,1.0451700687408447,1.0362327098846436,1.0397720336914062,0
2024-11-13 19:00:00+00:00,1.0402307510375977,1.041715145111084,1.0042110681533813,1.0069440603256226,1038160
2024-11-13 20:00:00+00:00,1.006682276725769,1.0211585760116577,0.9964070916175842,1.0107020139694214,251630
2024-11-13 21:00:00+00:00,1.0112483501434326,1.0117093324661255,0.9941983819007874,1.003673791885376,0
2024-11-13 22:00:00+00:00,1.0035699605941772,1.0116703510284424,1.0013147592544556,1.0096969604492188,0
2024-11-13 23:00:00+00:00,1.0096632242202759,1.0183252096176147,1.0054993629455566,1.0159004926681519,0
2024-11-14 00:00:00+00:00,1.0163661241531372,1.0227394104003906,1.0134477615356445,1.015080213546753,0
2024-11-14 01:00:00+00:00,1.0147302150726318,1.020097255706787,1.0108177661895752,1.020097255706787,0
2024-11-14 02:00:00+00:00,1.020124912261963,1.024991750717163,1.011522889137268,1.011522889137268,0
2024-11-14 03:00:00+00:00,1.0115584135055542,1.015802264213562,0.9985736012458801,1.015802264213562,0
2024-11-14 04:00:00+00:00,1.0156714916229248,1.023690938949585,1.0128816366195679,1.023690938949585,0
2024-11-14 05:00:00+00:00,1.0237027406692505,1.023844838142395,1.0155534744262695,1.018393874168396,0
2024-11-14 06:00:00+00:00,1.018438458442688,1.0281713008880615,1.0103955268859863,1.0103955268859863,0
2024-11-14 07:00:00+00:00,1.010398030281067,1.0182609558105469,1.0036901235580444,1.0182439088821411,337074
2024-11-14 08:00:00+00:00,1.0182225704193115,1.020721197128296,1.011708378791809,1.012892246246338,0
2024-11-14 09:00:00+00:00,1.0127067565917969,1.013938546180725,1.0065453052520752,1.0100830793380737,0
2024-11-14 10:00:00+00:00,1.0100611448287964,1.0119105577468872,0.9958829879760742,0.9959672093391418,0
2024-11-14 11:00:00+00:00,0.9960206151008606,0.9972968697547913,0.9825041890144348,0.997252345085144,557686
2024-11-14 12:00:00+00:00,0.9972665309906006,0.9981326460838318,0.9905580878257751,0.9934241771697998,0
2024-11-14 13:00:00+00:00,0.9936764240264893,0.9970760345458984,0.9873375296592712,0.9873375296592712,0
2024-11-14 14:00:00+00:00,0.9873735308647156,0.995129406452179,0.9712963700294495,0.9715648889541626,0
2024-11-14 15:00:00+00:00,0.9718061089515686,0.975529670715332,0.9614290595054626,0.9687649011611938,858516
2024-11-14 16:00:00+00:00,0.9681607484817505,0.9869546890258789,0.9642775058746338,0.9867997169494629,895826
2024-11-14 17:00:00+00:00,0.9867972731590271,0.9867972731590271,0.9764528870582581,0.9765995144844055,258992
2024-11-14 18:00:00+00:00,0.9767582416534424,0.9835412502288818,0.972030520439148,0.9735819697380066,784604
2024-11-14 19:00:00+00:00,0.9735575914382935,0.9805954694747925,0.9735575914382935,0.9788313508033752,0
2024-11-14 20:00:00+00:00,0.978879988193512,0.978879988193512,0.9715114235877991,0.9725408554077148,0
2024-11-14 21:00:00+00:00,0.9725894927978516,0.9816805124282837,0.9716324210166931,0.9809794425964355,148618
2024-11-14 22:00:00+00:00,0.9809668064117432,0.9819391369819641,0.9667910933494568,0.9742236733436584,99232
2024-11-14 23:00:00+00:00,0.9742569923400879,0.9742569923400879,0.9413846731185913,0.9475608468055725,3105132
2024-11-15 00:00:00+00:00,0.9477837085723877,0.9529953002929688,0.9351438879966736,0.9351438879966736,1296878
2024-11-15 01:00:00+00:00,0.9350720643997192,0.9430943727493286,0.9265000224113464,0.9391379952430725,1841648
2024-11-15 02:00:00+00:00,0.9391421675682068,0.9526731967926025,0.9391421675682068,0.9511494040489197,749756
2024-11-15 03:00:00+00:00,0.9510928392410278,0.9510928392410278,0.9437073469161987,0.9447194933891296,0
2024-11-15 04:00:00+00:00,0.9448145627975464,0.9451532363891602,0.9231420159339905,0.9262143969535828,58256
2024-11-15 05:00:00+00:00,0.9261763095855713,0.9343507289886475,0.9244550466537476,0.934180498123169,264088
2024-11-15 06:00:00+00:00,0.934338390827179,0.9433849453926086,0.934252917766571,0.9412128329277039,628540
2024-11-15 07:00:00+00:00,0.941057562828064,0.944413959980011,0.9337513446807861,0.9337513446807861,0
2024-11-15 08:00:00+00:00,0.9338636994361877,0.9461437463760376,0.927413284778595,0.9461437463760376,754328
2024-11-15 09:00:00+00:00,0.9461212158203125,0.951026439666748,0.9453485012054443,0.9482986927032471,607466
2024-11-15 10:00:00+00:00,0.9478906393051147,0.9478906393051147,0.9360011219978333,0.9397485256195068,890616
2024-11-15 11:00:00+00:00,0.939629316329956,0.9400922656059265,0.933789074420929,0.9390605092048645,0
2024-11-15 12:00:00+00:00,0.9390219449996948,0.9464925527572632,0.9390219449996948,0.9411093592643738,918096
2024-11-15 13:00:00+00:00,0.9411157369613647,0.9482565522193909,0.9410645961761475,0.9475405812263489,900064
2024-11-15 14:00:00+00:00,0.9475542306900024,0.9479978084564209,0.9268338680267334,0.9313082695007324,156860
2024-11-15 15:00:00+00:00,0.9312255382537842,0.9312255382537842,0.9204041957855225,0.9249681830406189,0
2024-11-15 16:00:00+00:00,0.9250146746635437,0.9420703053474426,0.9223319292068481,0.929949164390564,0
2024-11-15 17:00:00+00:00,0.9300155639648438,0.9397903084754944,0.9300155639648438,0.9385168552398682,140924
2024-11-15 18:00:00+00:00,0.9385576248168945,0.945237934589386,0.9365219473838806,0.945237934589386,0
2024-11-15 19:00:00+00:00,0.9452388882637024,0.9628466367721558,0.9452388882637024,0.9565058350563049,1130212
2024-11-15 20:00:00+00:00,0.9592358469963074,0.9737551212310791,0.9592296481132507,0.9737551212310791,76992
2024-11-15 21:00:00+00:00,0.9737655520439148,0.9782643914222717,0.9696300029754639,0.9782643914222717,12156
2024-11-15 22:00:00+00:00,0.9779899716377258,0.9786079525947571,0.9710439443588257,0.9765358567237854,376320
2024-11-15 23:00:00+00:00,0.9765139222145081,0.9788792729377747,0.9763882756233215,0.9787642359733582,0
2024-11-16 00:00:00+00:00,0.9796363115310669,0.9834825396537781,0.9786431789398193,0.9786439538002014,21324
2024-11-16 01:00:00+00:00,0.9788467884063721,0.9929847121238708,0.9785575866699219,0.9929847121238708,0
2024-11-16 02:00:00+00:00,0.9927953481674194,0.9955068230628967,0.9898917078971863,0.9926512837409973,0
2024-11-16 03:00:00+00:00,0.9923805594444275,0.9938565492630005,0.9901126027107239,0.9932886362075806,473592
2024-11-16 04:00:00+00:00,0.993285596370697,0.9972450733184814,0.988463282585144,0.9886013269424438,71606
2024-11-16 05:00:00+00:00,0.9886215925216675,0.9953156113624573,0.9886215925216675,0.9914888739585876,0
2024-11-16 06:00:00+00:00,0.9914788603782654,0.9914788603782654,0.9775286912918091,0.9777010679244995,0
2024-11-16 07:00:00+00:00,0.9777337312698364,0.979625403881073,0.9709728956222534,0.9750486612319946,305938
2024-11-16 08:00:00+00:00,0.9749936461448669,0.9749936461448669,0.97039395570755,0.9709579348564148,0
2024-11-16 09:00:00+00:00,0.9709579348564148,0.9769303798675537,0.9643737077713013,0.9643737077713013,2277754
2024-11-16 10:00:00+00:00,0.9642953872680664,0.9739487767219543,0.9612091183662415,0.9736422300338745,0
2024-11-16 11:00:00+00:00,0.9736779928207397,0.9823976159095764,0.971341073513031,0.9823976159095764,657308
2024-11-16 12:00:00+00:00,0.9823785424232483,0.9884907007217407,0.9747136235237122,0.977628767490387,0
2024-11-16 13:00:00+00:00,0.9776378870010376,0.9855197072029114,0.9757870435714722,0.9808441996574402,0
2024-11-16 14:00:00+00:00,0.9808336496353149,0.9846677780151367,0.9774749875068665,0.9841763377189636,0
2024-11-16 15:00:00+00:00,0.984153151512146,0.9876192212104797,0.9649477601051331,0.968999445438385,0
2024-11-16 16:00:00+00:00,0.9691942930221558,0.9746427536010742,0.9631534814834595,0.972794234752655,0
2024-11-16 17:00:00+00:00,0.9716598391532898,0.9850916862487793,0.9709494709968567,0.9837942123413086,0
2024-11-16 18:00:00+00:00,0.9837748408317566,0.9972983598709106,0.9837748408317566,0.9959232211112976,666300
2024-11-16 19:00:00+00:00,0.995887279510498,0.995887279510498,0.9835204482078552,0.9846489429473877,0
2024-11-16 20:00:00+00:00,0.9866012334823608,0.9915413856506348,0.9788365960121155,0.990520179271698,471464
2024-11-16 21:00:00+00:00,0.9886823892593384,0.9942989945411682,0.9882065057754517,0.9896995425224304,1532046
2024-11-16 22:00:00+00:00,0.9896112084388733,0.9930955171585083,0.9876070022583008,0.9877588152885437,0
2024-11-16 23:00:00+00:00,0.9875836968421936,0.9895867109298706,0.9825507402420044,0.9895867109298706,282398
2024-11-17 00:00:00+00:00,0.9899291396141052,0.9976125359535217,0.9879075884819031,0.9921665787696838,0
2024-11-17 01:00:00+00:00,0.9919737577438354,0.9919737577438354,0.9612126350402832,0.9612558484077454,0
2024-11-17 02:00:00+00:00,0.961134672164917,0.9640716314315796,0.9409834146499634,0.953795850276947,603164
2024-11-17 03:00:00+00:00,0.9537292718887329,0.9572736024856567,0.9461101293563843,0.9572736024856567,0
2024-11-17 04:00:00+00:00,0.9574830532073975,0.9799394011497498,0.9574830532073975,0.9721865653991699,13874
2024-11-17 05:00:00+00:00,0.972114622592926,0.979045033454895,0.972114622592926,0.9746560454368591,73088
2024-11-17 06:00:00+00:00,0.9746337532997131,0.9865931272506714,0.9744061827659607,0.9853422045707703,89384
2024-11-17 07:00:00+00:00,0.9843959212303162,0.9887005686759949,0.9807483553886414,0.9840704202651978,0
2024-11-17 08:00:00+00:00,0.9841839075088501,0.9892189502716064,0.9820227026939392,0.9858559370040894,0
2024-11-17 09:00:00+00:00,0.9858225584030151,0.9893788695335388,0.9806657433509827,0.9820309281349182,0
2024-11-17 10:00:00+00:00,0.982154130935669,0.9851952791213989,0.9801250100135803,0.9817119836807251,0
2024-11-17 11:00:00+00:00,0.9816609025001526,0.9816609025001526,0.9660349488258362,0.9662246704101562,0
2024-11-17 12:00:00+00:00,0.9646490812301636,0.9782534241676331,0.9645881056785583,0.9776649475097656,0
2024-11-17 13:00:00+00:00,0.9791941046714783,0.9791941046714783,0.9691203832626343,0.9718492031097412,0
2024-11-17 14:00:00+00:00,0.9719877243041992,0.9756896495819092,0.9674211740493774,0.969931960105896,0
2024-11-17 15:00:00+00:00,0.9692199230194092,0.9692303538322449,0.9633774757385254,0.9645666480064392,0
2024-11-17 16:00:00+00:00,0.9648599624633789,0.9658862948417664,0.9600322842597961,0.9644924998283386,0
2024-11-17 17:00:00+00:00,0.9641734957695007,0.9688880443572998,0.9602723121643066,0.9688880443572998,0
2024-11-17 18:00:00+00:00,0.9688875079154968,0.9688875079154968,0.9474265575408936,0.9478732347488403,0
2024-11-17 19:00:00+00:00,0.947844922542572,0.9510437250137329,0.9419940710067749,0.9509484171867371,0
2024-11-17 20:00:00+00:00,0.950904905796051,0.9530773758888245,0.9432859420776367,0.9463453888893127,0
2024-11-17 21:00:00+00:00,0.9464046359062195,0.9478720426559448,0.9392887353897095,0.9392887353897095,0
2024-11-17 22:00:00+00:00,0.93918776512146,0.9475969672203064,0.9343956112861633,0.9423609972000122,443478
2024-11-17 23:00:00+00:00,0.9421579837799072,0.9495404958724976,0.9392532706260681,0.9495404958724976,0
2024-11-18 00:00:00+00:00,0.9495914578437805,0.9605183601379395,0.9485869407653809,0.9599352478981018,0
2024-11-18 01:00:00+00:00,0.9595856070518494,0.9662147164344788,0.9582587480545044,0.9662147164344788,0
2024-11-18 02:00:00+00:00,0.9660802483558655,0.9710130095481873,0.9654403328895569,0.9674065709114075,0
2024-11-18 03:00:00+00:00,0.9672906398773193,0.9705703258514404,0.9608307480812073,0.9705703258514404,68237
2024-11-18 04:00:00+00:00,0.9705703258514404,0.9755619168281555,0.9657382965087891,0.9657382965087891,0
2024-11-18 05:00:00+00:00,0.965804398059845,0.9686858654022217,0.9631090760231018,0.9648792147636414,0
2024-11-18 06:00:00+00:00,0.9649997353553772,0.9717953205108643,0.9649997353553772,0.9714799523353577,134203
2024-11-18 07:00:00+00:00,0.9715908169746399,0.9747483730316162,0.9715908169746399,0.9743938446044922,319762
2024-11-18 08:00:00+00:00,0.9743959903717041,0.9743959903717041,0.9597129821777344,0.9597129821777344,651636
2024-11-18 09:00:00+00:00,0.95885169506073,0.9604202508926392,0.9512848258018494,0.9561875462532043,404888
2024-11-18 10:00:00+00:00,0.9561126828193665,0.9611350893974304,0.9558882713317871,0.9606915712356567,170782
2024-11-18 11:00:00+00:00,0.9606907963752747,0.9610756039619446,0.9425101280212402,0.9425209164619446,0
2024-11-18 12:00:00+00:00,0.9435184597969055,0.9497095346450806,0.935990035533905,0.9497095346450806,591902
2024-11-18 13:00:00+00:00,0.9496697783470154,0.9502973556518555,0.9369377493858337,0.9414790272712708,895906
2024-11-18 14:00:00+00:00,0.941504955291748,0.9568090438842773,0.9393113851547241,0.9463609457015991,933906
2024-11-18 15:00:00+00:00,0.9464021921157837,0.9653387069702148,0.9464021921157837,0.9633374214172363,696992
2024-11-18 16:00:00+00:00,0.963341474533081,0.9644879698753357,0.9556792974472046,0.958898663520813,756766
2024-11-18 17:00:00+00:00,0.9588984847068787,0.9645715951919556,0.9576781988143921,0.9617899656295776,392804
2024-11-18 18:00:00+00:00,0.9619097709655762,0.9638696312904358,0.9552984237670898,0.9553143382072449,242702
2024-11-18 19:00:00+00:00,0.957754909992218,0.9595566987991333,0.9441877603530884,0.9547081589698792,388982
2024-11-18 20:00:00+00:00,0.9547414779663086,0.9621189832687378,0.9537943005561829,0.9569304585456848,455900
2024-11-18 21:00:00+00:00,0.957304835319519,0.9671053290367126,0.957304835319519,0.9616145491600037,346018
2024-11-18 22:00:00+00:00,0.9618658423423767,0.9713401198387146,0.96177738904953,0.969711184501648,0
2024-11-18 23:00:00+00:00,0.9698010087013245,0.9707729816436768,0.9577287435531616,0.9643131494522095,458274
2024-11-19 00:00:00+00:00,0.9644375443458557,0.971506655216217,0.9644375443458557,0.9712884426116943,208376
2024-11-19 01:00:00+00:00,0.9712762236595154,0.9717392921447754,0.9683530926704407,0.9710215330123901,0
2024-11-19 02:00:00+00:00,0.971024215221405,0.971024215221405,0.9648585319519043,0.9648730754852295,0
2024-11-19 03:00:00+00:00,0.9648604989051819,0.9657906889915466,0.9636512994766235,0.9643127918243408,0
2024-11-19 04:00:00+00:00,0.9641522765159607,0.9641522765159607,0.9516619443893433,0.951679527759552,0
2024-11-19 05:00:00+00:00,0.9516891241073608,0.9555776119232178,0.948768138885498,0.9512408375740051,779110
2024-11-19 06:00:00+00:00,0.9512587785720825,0.9528660178184509,0.9449284076690674,0.9464712142944336,377598
2024-11-19 07:00:00+00:00,0.9464700222015381,0.9478749632835388,0.9438651204109192,0.9477563500404358,0
2024-11-19 08:00:00+00:00,0.9477733373641968,0.9506947994232178,0.9444095492362976,0.9495910406112671,0
2024-11-19 09:00:00+00:00,0.9495925307273865,0.9497778415679932,0.9411492347717285,0.9439084529876709,0
2024-11-19 10:00:00+00:00,0.9438907504081726,0.9478257894515991,0.9407156109809875,0.9475415945053101,944870
2024-11-19 11:00:00+00:00,0.9475226402282715,0.9494287371635437,0.9443368315696716,0.9467087388038635,0
2024-11-19 12:00:00+00:00,0.9467566609382629,0.9567337036132812,0.9467566609382629,0.9494754076004028,0
2024-11-19 13:00:00+00:00,0.949447751045227,0.9495181441307068,0.9400694370269775,0.9400874376296997,0
2024-11-19 14:00:00+00:00,0.9400566816329956,0.9465085864067078,0.939250648021698,0.944770097732544,0
2024-11-19 15:00:00+00:00,0.9446433782577515,0.947817325592041,0.9430639743804932,0.9471417665481567,0
2024-11-19 16:00:00+00:00,0.9471175670623779,0.948860764503479,0.9433302283287048,0.9433302283287048,0
2024-11-19 17:00:00+00:00,0.9433504939079285,0.949623167514801,0.9431034922599792,0.9468780159950256,0
2024-11-19 18:00:00+00:00,0.9468876123428345,0.9538829922676086,0.9462335705757141,0.9538829922676086,30966
2024-11-19 19:00:00+00:00,0.9538332223892212,0.9538332223892212,0.9441011548042297,0.9441011548042297,0
2024-11-19 20:00:00+00:00,0.9441546201705933,0.9443140029907227,0.9302891492843628,0.9303271770477295,190280
2024-11-19 21:00:00+00:00,0.9301496744155884,0.9345424771308899,0.9220068454742432,0.9345424771308899,722850
2024-11-19 22:00:00+00:00,0.9344840049743652,0.9392786622047424,0.9283864498138428,0.9314720034599304,293936
2024-11-19 23:00:00+00:00,0.9315041899681091,0.9412018060684204,0.9315041899681091,0.9403094053268433,0
2024-11-20 00:00:00+00:00,0.9406282305717468,0.9406282305717468,0.9319409132003784,0.9362562298774719,0
2024-11-20 01:00:00+00:00,0.9361868500709534,0.938349723815918,0.9305383563041687,0.9317871928215027,0
2024-11-20 02:00:00+00:00,0.9317008852958679,0.9363635778427124,0.9309280514717102,0.9309280514717102,8584
2024-11-20 03:00:00+00:00,0.9309189319610596,0.9309189319610596,0.9158947467803955,0.9250200986862183,689384
2024-11-20 04:00:00+00:00,0.9250418543815613,0.9295645356178284,0.9231351017951965,0.9295645356178284,96664
2024-11-20 05:00:00+00:00,0.9294918775558472,0.9350358843803406,0.9275128841400146,0.9345871806144714,0
2024-11-20 06:00:00+00:00,0.93541020154953,0.9390162825584412,0.9325628280639648,0.9341409206390381,0
2024-11-20 07:00:00+00:00,0.9342026114463806,0.9389600157737732,0.9320235252380371,0.936342179775238,0
2024-11-20 08:00:00+00:00,0.9363771677017212,0.9429938197135925,0.9354859590530396,0.9414576888084412,0
2024-11-20 09:00:00+00:00,0.9411071538925171,0.9462608098983765,0.9388918280601501,0.9442148208618164,91868
2024-11-20 10:00:00+00:00,0.9441235065460205,0.9449636936187744,0.9402283430099487,0.9402334094047546,0
2024-11-20 11:00:00+00:00,0.9402267336845398,0.9416913390159607,0.9324823021888733,0.9394679069519043,0
2024-11-20 12:00:00+00:00,0.9394913911819458,0.9398061037063599,0.930861234664917,0.9344610571861267,0
2024-11-20 13:00:00+00:00,0.9344480633735657,0.9489579796791077,0.9332510828971863,0.9484813809394836,74392
2024-11-20 14:00:00+00:00,0.9484968185424805,0.9574849009513855,0.9484968185424805,0.9548541903495789,1745142
2024-11-20 15:00:00+00:00,0.9556047320365906,0.9562134146690369,0.9471169710159302,0.9542229771614075,1068540
2024-11-20 16:00:00+00:00,0.953805148601532,0.953805148601532,0.9322134256362915,0.9361680150032043,612498
2024-11-20 17:00:00+00:00,0.9361680150032043,0.9368681311607361,0.9205076694488525,0.9205076694488525,485072
2024-11-20 18:00:00+00:00,0.9165922403335571,0.9189323782920837,0.9084000587463379,0.9158252477645874,831322
2024-11-20 19:00:00+00:00,0.9157384634017944,0.9159007668495178,0.9027692675590515,0.9071715474128723,674590
2024-11-20 20:00:00+00:00,0.9072206020355225,0.9252532720565796,0.9016609787940979,0.9236536026000977,1708442
2024-11-20 21:00:00+00:00,0.9231565594673157,0.9272251725196838,0.9229096174240112,0.9249285459518433,0
2024-11-20 22:00:00+00:00,0.9249962568283081,0.9269139766693115,0.9173692464828491,0.9186943173408508,0
2024-11-20 23:00:00+00:00,0.9187008738517761,0.9190729856491089,0.9126769304275513,0.9126769304275513,0
2024-11-21 00:00:00+00:00,0.9126917719841003,0.9208825826644897,0.9106218814849854,0.9187673926353455,29008
2024-11-21 01:00:00+00:00,0.9187896251678467,0.9233287572860718,0.9183169007301331,0.9195971488952637,68260
2024-11-21 02:00:00+00:00,0.9195971488952637,0.9195971488952637,0.8912626504898071,0.8983545303344727,761522
2024-11-21 03:00:00+00:00,0.8984079360961914,0.9092757105827332,0.8978902697563171,0.8981772065162659,0
2024-11-21 04:00:00+00:00,0.8981746435165405,0.9171880483627319,0.8941985964775085,0.9164562225341797,498876
2024-11-21 05:00:00+00:00,0.9166576266288757,0.9207384586334229,0.9148398637771606,0.916714072227478,187178
2024-11-21 06:00:00+00:00,0.9168568849563599,0.9184397459030151,0.9107285141944885,0.913345456123352,131938
2024-11-21 07:00:00+00:00,0.9134284257888794,0.9228575825691223,0.9134284257888794,0.9210817217826843,401332
2024-11-21 08:00:00+00:00,0.921104371547699,0.9234701991081238,0.9171835780143738,0.9209719300270081,24528
2024-11-21 09:00:00+00:00,0.9209880232810974,0.9209880232810974,0.9077069759368896,0.9077069759368896,36484
2024-11-21 10:00:00+00:00,0.9077418446540833,0.9121912717819214,0.9072443842887878,0.9117701649665833,228752
2024-11-21 11:00:00+00:00,0.9117468595504761,0.922332227230072,0.9111602306365967,0.9218287467956543,73098
2024-11-21 12:00:00+00:00,0.9218595623970032,0.9458668828010559,0.9203044772148132,0.9399880170822144,1202896
2024-11-21 13:00:00+00:00,0.9402251839637756,0.95212721824646,0.9357287287712097,0.9501762986183167,349270
2024-11-21 14:00:00+00:00,0.9488027691841125,0.9563583731651306,0.9431119561195374,0.9485246539115906,0
2024-11-21 15:00:00+00:00,0.9493610262870789,0.9510654807090759,0.9326334595680237,0.9419416785240173,0
2024-11-21 16:00:00+00:00,0.9426835179328918,0.9545507431030273,0.9426835179328918,0.951949417591095,0
2024-11-21 17:00:00+00:00,0.9532033801078796,0.9667940139770508,0.9532033801078796,0.9638389348983765,1154974
2024-11-21 18:00:00+00:00,0.9639003872871399,0.9639003872871399,0.9592137932777405,0.9617140889167786,0
2024-11-21 19:00:00+00:00,0.9618100523948669,0.9643262624740601,0.9583755135536194,0.9618446230888367,0
2024-11-21 20:00:00+00:00,0.9618671536445618,0.9651753306388855,0.9594371318817139,0.9599584341049194,0
2024-11-21 21:00:00+00:00,0.9599655270576477,0.9628239870071411,0.954927384853363,0.961559534072876,0
2024-11-21 22:00:00+00:00,0.961533784866333,0.9661209583282471,0.9614372253417969,0.9614372253417969,0
2024-11-21 23:00:00+00:00,0.9621150493621826,0.9682289361953735,0.9621150493621826,0.9680355191230774,113090
